Source,Target,Type,Label
lalg1,mechM,Undirected,Semester 1
lalg1,werk1,Undirected,Semester 1
lalg1,pro1M,Undirected,Semester 1
lalg2,wus,Undirected,Semester 2
lalg2,wch,Undirected,Semester 2
lalg2,werk2,Undirected,Semester 2
lalg2,mel,Undirected,Semester 2
lalg2,stk,Undirected,Semester 2
lalg2,thdM,Undirected,Semester 2
lalg2,pro2M,Undirected,Semester 2
infM,lalg1,Undirected,Semester 1
infM,mechM,Undirected,Semester 1
infM,werk1,Undirected,Semester 1
infM,pro1M,Undirected,Semester 1
wst,wueb,Undirected,Semester 5
dan,rtL,Undirected,Semester 5
dan,wueb,Undirected,Semester 5
dan,thd3,Undirected,Semester 5
dan,flm3,Undirected,Semester 5
dan,dpev1,Undirected,Semester 5
dan,kt1,Undirected,Semester 5
dan,mant1,Undirected,Semester 5
dan,mea,Undirected,Semester 5
dan,minat,Undirected,Semester 5
dan,labvM,Undirected,Semester 5
dan,matl,Undirected,Semester 5
dan,ekt,Undirected,Semester 5
dan,eeww,Undirected,Semester 5
dan,waem,Undirected,Semester 5
dan,fkte,Undirected,Semester 5
dan,meas1,Undirected,Semester 5
dan,naku,Undirected,Semester 5
dan,veva,Undirected,Semester 5
dan,pro5M,Undirected,Semester 5
an1,lalg1,Undirected,Semester 1
an1,infM,Undirected,Semester 1
an1,mechM,Undirected,Semester 1
an1,ch1,Undirected,Semester 1
an1,werk1,Undirected,Semester 1
an1,hkon,Undirected,Semester 1
an1,pro1M,Undirected,Semester 1
an2,lalg2,Undirected,Semester 2
an2,wus,Undirected,Semester 2
an2,wch,Undirected,Semester 2
an2,werk2,Undirected,Semester 2
an2,mel,Undirected,Semester 2
an2,chkL,Undirected,Semester 2
an2,stk,Undirected,Semester 2
an2,thdM,Undirected,Semester 2
an2,pro2M,Undirected,Semester 2
dglM,wst,Undirected,Semester 3
dglM,elmag,Undirected,Semester 3
dglM,werk3,Undirected,Semester 3
dglM,phwkL,Undirected,Semester 3
dglM,elstk,Undirected,Semester 3
dglM,kmk,Undirected,Semester 3
dglM,flmM,Undirected,Semester 3
dglM,eltM,Undirected,Semester 3
dglM,dsf,Undirected,Semester 3
dglM,enwi,Undirected,Semester 3
dglM,mlam,Undirected,Semester 3
dglM,mata,Undirected,Semester 3
dglM,mimo,Undirected,Semester 3
dglM,npe,Undirected,Semester 3
dglM,pro3M,Undirected,Semester 3
man,num,Undirected,Semester 4
man,sww,Undirected,Semester 4
man,mst,Undirected,Semester 4
man,wkwkL,Undirected,Semester 4
man,md,Undirected,Semester 4
man,pro4M,Undirected,Semester 4
num,sww,Undirected,Semester 4
num,wkwkL,Undirected,Semester 4
num,pro4M,Undirected,Semester 4
mechM,werk1,Undirected,Semester 1
mechM,pro1M,Undirected,Semester 1
elmag,wst,Undirected,Semester 3
elmag,werk3,Undirected,Semester 3
elmag,phwkL,Undirected,Semester 3
elmag,elstk,Undirected,Semester 3
elmag,kmk,Undirected,Semester 3
elmag,flmM,Undirected,Semester 3
elmag,eltM,Undirected,Semester 3
elmag,enwi,Undirected,Semester 3
elmag,mlam,Undirected,Semester 3
elmag,mata,Undirected,Semester 3
elmag,mimo,Undirected,Semester 3
elmag,npe,Undirected,Semester 3
elmag,pro3M,Undirected,Semester 3
sww,wkwkL,Undirected,Semester 4
ch1,lalg1,Undirected,Semester 1
ch1,infM,Undirected,Semester 1
ch1,mechM,Undirected,Semester 1
ch1,werk1,Undirected,Semester 1
ch1,hkon,Undirected,Semester 1
ch1,pro1M,Undirected,Semester 1
wch,wus,Undirected,Semester 2
wch,werk2,Undirected,Semester 2
werk2,wus,Undirected,Semester 2
werk3,wst,Undirected,Semester 3
werk3,wkwkL,Undirected,Semester 4
hkon,lalg1,Undirected,Semester 1
hkon,infM,Undirected,Semester 1
hkon,mechM,Undirected,Semester 1
hkon,werk1,Undirected,Semester 1
hkon,pro1M,Undirected,Semester 1
mel,wus,Undirected,Semester 2
mel,wch,Undirected,Semester 2
mel,werk2,Undirected,Semester 2
mel,stk,Undirected,Semester 2
mel,thdM,Undirected,Semester 2
mel,pro2M,Undirected,Semester 2
chkL,lalg2,Undirected,Semester 2
chkL,wus,Undirected,Semester 2
chkL,wch,Undirected,Semester 2
chkL,werk2,Undirected,Semester 2
chkL,mel,Undirected,Semester 2
chkL,stk,Undirected,Semester 2
chkL,thdM,Undirected,Semester 2
chkL,pro2M,Undirected,Semester 2
phwkL,wst,Undirected,Semester 3
phwkL,werk3,Undirected,Semester 3
phwkL,pro3M,Undirected,Semester 3
mst,num,Undirected,Semester 4
mst,sww,Undirected,Semester 4
mst,wkwkL,Undirected,Semester 4
mst,pro4M,Undirected,Semester 4
fems,man,Undirected,Semester 4
fems,num,Undirected,Semester 4
fems,sww,Undirected,Semester 4
fems,mst,Undirected,Semester 4
fems,wkwkL,Undirected,Semester 4
fems,md,Undirected,Semester 4
fems,pro4M,Undirected,Semester 4
cfds,man,Undirected,Semester 4
cfds,num,Undirected,Semester 4
cfds,sww,Undirected,Semester 4
cfds,mst,Undirected,Semester 4
cfds,fems,Undirected,Semester 4
cfds,wkwkL,Undirected,Semester 4
cfds,md,Undirected,Semester 4
cfds,dms,Undirected,Semester 4
cfds,egts,Undirected,Semester 4
cfds,pro4M,Undirected,Semester 4
stk,wus,Undirected,Semester 2
stk,wch,Undirected,Semester 2
stk,werk2,Undirected,Semester 2
stk,thdM,Undirected,Semester 2
elstk,wst,Undirected,Semester 3
elstk,werk3,Undirected,Semester 3
elstk,phwkL,Undirected,Semester 3
elstk,kmk,Undirected,Semester 3
elstk,flmM,Undirected,Semester 3
elstk,eltM,Undirected,Semester 3
elstk,enwi,Undirected,Semester 3
elstk,mlam,Undirected,Semester 3
elstk,mata,Undirected,Semester 3
elstk,mimo,Undirected,Semester 3
elstk,npe,Undirected,Semester 3
elstk,pro3M,Undirected,Semester 3
kmk,wst,Undirected,Semester 3
kmk,werk3,Undirected,Semester 3
kmk,phwkL,Undirected,Semester 3
kmk,mlam,Undirected,Semester 3
kmk,mata,Undirected,Semester 3
kmk,mimo,Undirected,Semester 3
kmk,npe,Undirected,Semester 3
kmk,pro3M,Undirected,Semester 3
md,num,Undirected,Semester 4
md,sww,Undirected,Semester 4
md,mst,Undirected,Semester 4
md,wkwkL,Undirected,Semester 4
md,pro4M,Undirected,Semester 4
dms,man,Undirected,Semester 4
dms,num,Undirected,Semester 4
dms,sww,Undirected,Semester 4
dms,mst,Undirected,Semester 4
dms,fems,Undirected,Semester 4
dms,wkwkL,Undirected,Semester 4
dms,md,Undirected,Semester 4
dms,egts,Undirected,Semester 4
dms,pro4M,Undirected,Semester 4
thdM,wus,Undirected,Semester 2
thdM,wch,Undirected,Semester 2
thdM,werk2,Undirected,Semester 2
flmM,wst,Undirected,Semester 3
flmM,werk3,Undirected,Semester 3
flmM,phwkL,Undirected,Semester 3
flmM,kmk,Undirected,Semester 3
flmM,mlam,Undirected,Semester 3
flmM,mata,Undirected,Semester 3
flmM,mimo,Undirected,Semester 3
flmM,npe,Undirected,Semester 3
flmM,pro3M,Undirected,Semester 3
egts,man,Undirected,Semester 4
egts,num,Undirected,Semester 4
egts,sww,Undirected,Semester 4
egts,mst,Undirected,Semester 4
egts,fems,Undirected,Semester 4
egts,wkwkL,Undirected,Semester 4
egts,md,Undirected,Semester 4
egts,pro4M,Undirected,Semester 4
eltM,wst,Undirected,Semester 3
eltM,werk3,Undirected,Semester 3
eltM,phwkL,Undirected,Semester 3
eltM,kmk,Undirected,Semester 3
eltM,flmM,Undirected,Semester 3
eltM,enwi,Undirected,Semester 3
eltM,mlam,Undirected,Semester 3
eltM,mata,Undirected,Semester 3
eltM,mimo,Undirected,Semester 3
eltM,npe,Undirected,Semester 3
eltM,pro3M,Undirected,Semester 3
atL,man,Undirected,Semester 4
atL,num,Undirected,Semester 4
atL,sww,Undirected,Semester 4
atL,mst,Undirected,Semester 4
atL,fems,Undirected,Semester 4
atL,cfds,Undirected,Semester 4
atL,wkwkL,Undirected,Semester 4
atL,md,Undirected,Semester 4
atL,dms,Undirected,Semester 4
atL,egts,Undirected,Semester 4
atL,pro4M,Undirected,Semester 4
rtL,wueb,Undirected,Semester 5
rtL,thd3,Undirected,Semester 5
rtL,waem,Undirected,Semester 5
rtL,veva,Undirected,Semester 5
aem,dan,Undirected,Semester 5
aem,rtL,Undirected,Semester 5
aem,wueb,Undirected,Semester 5
aem,thd3,Undirected,Semester 5
aem,flm3,Undirected,Semester 5
aem,c1d,Undirected,Semester 5
aem,c1m,Undirected,Semester 5
aem,dpev1,Undirected,Semester 5
aem,kt1,Undirected,Semester 5
aem,mant1,Undirected,Semester 5
aem,am,Undirected,Semester 5
aem,mea,Undirected,Semester 5
aem,apd,Undirected,Semester 5
aem,minat,Undirected,Semester 5
aem,labvM,Undirected,Semester 5
aem,matl,Undirected,Semester 5
aem,ekt,Undirected,Semester 5
aem,eeww,Undirected,Semester 5
aem,waem,Undirected,Semester 5
aem,fkte,Undirected,Semester 5
aem,meas1,Undirected,Semester 5
aem,naku,Undirected,Semester 5
aem,veva,Undirected,Semester 5
aem,pro5M,Undirected,Semester 5
thd3,wueb,Undirected,Semester 5
thd3,waem,Undirected,Semester 5
thd3,veva,Undirected,Semester 5
flm3,rtL,Undirected,Semester 5
flm3,wueb,Undirected,Semester 5
flm3,thd3,Undirected,Semester 5
flm3,kt1,Undirected,Semester 5
flm3,mant1,Undirected,Semester 5
flm3,mea,Undirected,Semester 5
flm3,minat,Undirected,Semester 5
flm3,labvM,Undirected,Semester 5
flm3,matl,Undirected,Semester 5
flm3,waem,Undirected,Semester 5
flm3,meas1,Undirected,Semester 5
flm3,naku,Undirected,Semester 5
flm3,veva,Undirected,Semester 5
flm3,pro5M,Undirected,Semester 5
thd4,vmo,Undirected,Semester 6
flm4,thd4,Undirected,Semester 6
flm4,kt2,Undirected,Semester 6
flm4,mant2,Undirected,Semester 6
flm4,vmo,Undirected,Semester 6
flm4,idacu,Undirected,Semester 6
flm4,mantL,Undirected,Semester 6
flm4,tamp,Undirected,Semester 6
flm4,pro6M,Undirected,Semester 6
c1d,dan,Undirected,Semester 5
c1d,rtL,Undirected,Semester 5
c1d,wueb,Undirected,Semester 5
c1d,thd3,Undirected,Semester 5
c1d,flm3,Undirected,Semester 5
c1d,c1m,Undirected,Semester 5
c1d,dpev1,Undirected,Semester 5
c1d,kt1,Undirected,Semester 5
c1d,mant1,Undirected,Semester 5
c1d,mea,Undirected,Semester 5
c1d,minat,Undirected,Semester 5
c1d,labvM,Undirected,Semester 5
c1d,matl,Undirected,Semester 5
c1d,ekt,Undirected,Semester 5
c1d,eeww,Undirected,Semester 5
c1d,waem,Undirected,Semester 5
c1d,fkte,Undirected,Semester 5
c1d,meas1,Undirected,Semester 5
c1d,naku,Undirected,Semester 5
c1d,veva,Undirected,Semester 5
c1d,pro5M,Undirected,Semester 5
c1m,dan,Undirected,Semester 5
c1m,rtL,Undirected,Semester 5
c1m,wueb,Undirected,Semester 5
c1m,thd3,Undirected,Semester 5
c1m,flm3,Undirected,Semester 5
c1m,dpev1,Undirected,Semester 5
c1m,kt1,Undirected,Semester 5
c1m,mant1,Undirected,Semester 5
c1m,mea,Undirected,Semester 5
c1m,minat,Undirected,Semester 5
c1m,labvM,Undirected,Semester 5
c1m,matl,Undirected,Semester 5
c1m,ekt,Undirected,Semester 5
c1m,eeww,Undirected,Semester 5
c1m,waem,Undirected,Semester 5
c1m,fkte,Undirected,Semester 5
c1m,meas1,Undirected,Semester 5
c1m,naku,Undirected,Semester 5
c1m,veva,Undirected,Semester 5
c1m,pro5M,Undirected,Semester 5
dpev1,rtL,Undirected,Semester 5
dpev1,wueb,Undirected,Semester 5
dpev1,thd3,Undirected,Semester 5
dpev1,flm3,Undirected,Semester 5
dpev1,kt1,Undirected,Semester 5
dpev1,mant1,Undirected,Semester 5
dpev1,mea,Undirected,Semester 5
dpev1,minat,Undirected,Semester 5
dpev1,labvM,Undirected,Semester 5
dpev1,matl,Undirected,Semester 5
dpev1,ekt,Undirected,Semester 5
dpev1,eeww,Undirected,Semester 5
dpev1,waem,Undirected,Semester 5
dpev1,fkte,Undirected,Semester 5
dpev1,meas1,Undirected,Semester 5
dpev1,naku,Undirected,Semester 5
dpev1,veva,Undirected,Semester 5
dpev1,pro5M,Undirected,Semester 5
kt1,rtL,Undirected,Semester 5
kt1,wueb,Undirected,Semester 5
kt1,thd3,Undirected,Semester 5
kt1,mant1,Undirected,Semester 5
kt1,mea,Undirected,Semester 5
kt1,minat,Undirected,Semester 5
kt1,labvM,Undirected,Semester 5
kt1,matl,Undirected,Semester 5
kt1,waem,Undirected,Semester 5
kt1,meas1,Undirected,Semester 5
kt1,naku,Undirected,Semester 5
kt1,veva,Undirected,Semester 5
kt1,pro5M,Undirected,Semester 5
kt2,thd4,Undirected,Semester 6
kt2,mant2,Undirected,Semester 6
kt2,vmo,Undirected,Semester 6
kt2,mantL,Undirected,Semester 6
kt2,tamp,Undirected,Semester 6
kt2,pro6M,Undirected,Semester 6
dpev2,thd4,Undirected,Semester 6
dpev2,flm4,Undirected,Semester 6
dpev2,kt2,Undirected,Semester 6
dpev2,mant2,Undirected,Semester 6
dpev2,vmo,Undirected,Semester 6
dpev2,idacu,Undirected,Semester 6
dpev2,mantL,Undirected,Semester 6
dpev2,tamp,Undirected,Semester 6
dpev2,pro6M,Undirected,Semester 6
mant1,rtL,Undirected,Semester 5
mant1,wueb,Undirected,Semester 5
mant1,thd3,Undirected,Semester 5
mant1,mea,Undirected,Semester 5
mant1,minat,Undirected,Semester 5
mant1,matl,Undirected,Semester 5
mant1,waem,Undirected,Semester 5
mant1,meas1,Undirected,Semester 5
mant1,naku,Undirected,Semester 5
mant1,veva,Undirected,Semester 5
mant1,pro5M,Undirected,Semester 5
amat,thd4,Undirected,Semester 6
amat,flm4,Undirected,Semester 6
amat,kt2,Undirected,Semester 6
amat,dpev2,Undirected,Semester 6
amat,mant2,Undirected,Semester 6
amat,vmo,Undirected,Semester 6
amat,idacu,Undirected,Semester 6
amat,mantL,Undirected,Semester 6
amat,c2ad,Undirected,Semester 6
amat,asimv,Undirected,Semester 6
amat,tamp,Undirected,Semester 6
amat,amp,Undirected,Semester 6
amat,pro6M,Undirected,Semester 6
am,dan,Undirected,Semester 5
am,rtL,Undirected,Semester 5
am,wueb,Undirected,Semester 5
am,thd3,Undirected,Semester 5
am,flm3,Undirected,Semester 5
am,c1d,Undirected,Semester 5
am,c1m,Undirected,Semester 5
am,dpev1,Undirected,Semester 5
am,kt1,Undirected,Semester 5
am,mant1,Undirected,Semester 5
am,mea,Undirected,Semester 5
am,apd,Undirected,Semester 5
am,minat,Undirected,Semester 5
am,labvM,Undirected,Semester 5
am,matl,Undirected,Semester 5
am,ekt,Undirected,Semester 5
am,eeww,Undirected,Semester 5
am,waem,Undirected,Semester 5
am,fkte,Undirected,Semester 5
am,meas1,Undirected,Semester 5
am,naku,Undirected,Semester 5
am,veva,Undirected,Semester 5
am,pro5M,Undirected,Semester 5
mea,rtL,Undirected,Semester 5
mea,wueb,Undirected,Semester 5
mea,thd3,Undirected,Semester 5
mea,minat,Undirected,Semester 5
mea,waem,Undirected,Semester 5
mea,meas1,Undirected,Semester 5
mea,naku,Undirected,Semester 5
mea,veva,Undirected,Semester 5
mea,pro5M,Undirected,Semester 5
apd,dan,Undirected,Semester 5
apd,rtL,Undirected,Semester 5
apd,wueb,Undirected,Semester 5
apd,thd3,Undirected,Semester 5
apd,flm3,Undirected,Semester 5
apd,c1d,Undirected,Semester 5
apd,c1m,Undirected,Semester 5
apd,dpev1,Undirected,Semester 5
apd,kt1,Undirected,Semester 5
apd,mant1,Undirected,Semester 5
apd,mea,Undirected,Semester 5
apd,minat,Undirected,Semester 5
apd,labvM,Undirected,Semester 5
apd,matl,Undirected,Semester 5
apd,ekt,Undirected,Semester 5
apd,eeww,Undirected,Semester 5
apd,waem,Undirected,Semester 5
apd,fkte,Undirected,Semester 5
apd,meas1,Undirected,Semester 5
apd,naku,Undirected,Semester 5
apd,veva,Undirected,Semester 5
apd,pro5M,Undirected,Semester 5
mant2,thd4,Undirected,Semester 6
mant2,vmo,Undirected,Semester 6
mant2,mantL,Undirected,Semester 6
mant2,tamp,Undirected,Semester 6
mant2,pro6M,Undirected,Semester 6
minat,rtL,Undirected,Semester 5
minat,wueb,Undirected,Semester 5
minat,thd3,Undirected,Semester 5
minat,waem,Undirected,Semester 5
minat,naku,Undirected,Semester 5
minat,veva,Undirected,Semester 5
minat,pro5M,Undirected,Semester 5
labvM,rtL,Undirected,Semester 5
labvM,wueb,Undirected,Semester 5
labvM,thd3,Undirected,Semester 5
labvM,mant1,Undirected,Semester 5
labvM,mea,Undirected,Semester 5
labvM,minat,Undirected,Semester 5
labvM,matl,Undirected,Semester 5
labvM,waem,Undirected,Semester 5
labvM,meas1,Undirected,Semester 5
labvM,naku,Undirected,Semester 5
labvM,veva,Undirected,Semester 5
labvM,pro5M,Undirected,Semester 5
matl,rtL,Undirected,Semester 5
matl,wueb,Undirected,Semester 5
matl,thd3,Undirected,Semester 5
matl,mea,Undirected,Semester 5
matl,minat,Undirected,Semester 5
matl,waem,Undirected,Semester 5
matl,meas1,Undirected,Semester 5
matl,naku,Undirected,Semester 5
matl,veva,Undirected,Semester 5
matl,pro5M,Undirected,Semester 5
ekt,rtL,Undirected,Semester 5
ekt,wueb,Undirected,Semester 5
ekt,thd3,Undirected,Semester 5
ekt,flm3,Undirected,Semester 5
ekt,kt1,Undirected,Semester 5
ekt,mant1,Undirected,Semester 5
ekt,mea,Undirected,Semester 5
ekt,minat,Undirected,Semester 5
ekt,labvM,Undirected,Semester 5
ekt,matl,Undirected,Semester 5
ekt,waem,Undirected,Semester 5
ekt,fkte,Undirected,Semester 5
ekt,meas1,Undirected,Semester 5
ekt,naku,Undirected,Semester 5
ekt,veva,Undirected,Semester 5
ekt,pro5M,Undirected,Semester 5
eeww,rtL,Undirected,Semester 5
eeww,wueb,Undirected,Semester 5
eeww,thd3,Undirected,Semester 5
eeww,flm3,Undirected,Semester 5
eeww,kt1,Undirected,Semester 5
eeww,mant1,Undirected,Semester 5
eeww,mea,Undirected,Semester 5
eeww,minat,Undirected,Semester 5
eeww,labvM,Undirected,Semester 5
eeww,matl,Undirected,Semester 5
eeww,ekt,Undirected,Semester 5
eeww,waem,Undirected,Semester 5
eeww,fkte,Undirected,Semester 5
eeww,meas1,Undirected,Semester 5
eeww,naku,Undirected,Semester 5
eeww,veva,Undirected,Semester 5
eeww,pro5M,Undirected,Semester 5
waem,wueb,Undirected,Semester 5
fkte,rtL,Undirected,Semester 5
fkte,wueb,Undirected,Semester 5
fkte,thd3,Undirected,Semester 5
fkte,flm3,Undirected,Semester 5
fkte,kt1,Undirected,Semester 5
fkte,mant1,Undirected,Semester 5
fkte,mea,Undirected,Semester 5
fkte,minat,Undirected,Semester 5
fkte,labvM,Undirected,Semester 5
fkte,matl,Undirected,Semester 5
fkte,waem,Undirected,Semester 5
fkte,meas1,Undirected,Semester 5
fkte,naku,Undirected,Semester 5
fkte,veva,Undirected,Semester 5
fkte,pro5M,Undirected,Semester 5
meas1,rtL,Undirected,Semester 5
meas1,wueb,Undirected,Semester 5
meas1,thd3,Undirected,Semester 5
meas1,minat,Undirected,Semester 5
meas1,waem,Undirected,Semester 5
meas1,naku,Undirected,Semester 5
meas1,veva,Undirected,Semester 5
meas1,pro5M,Undirected,Semester 5
naku,rtL,Undirected,Semester 5
naku,wueb,Undirected,Semester 5
naku,thd3,Undirected,Semester 5
naku,waem,Undirected,Semester 5
naku,veva,Undirected,Semester 5
naku,pro5M,Undirected,Semester 5
idacu,thd4,Undirected,Semester 6
idacu,kt2,Undirected,Semester 6
idacu,mant2,Undirected,Semester 6
idacu,vmo,Undirected,Semester 6
idacu,mantL,Undirected,Semester 6
idacu,tamp,Undirected,Semester 6
idacu,pro6M,Undirected,Semester 6
mantL,thd4,Undirected,Semester 6
mantL,vmo,Undirected,Semester 6
mantL,tamp,Undirected,Semester 6
mantL,pro6M,Undirected,Semester 6
veva,wueb,Undirected,Semester 5
veva,waem,Undirected,Semester 5
c2ad,thd4,Undirected,Semester 6
c2ad,flm4,Undirected,Semester 6
c2ad,kt2,Undirected,Semester 6
c2ad,dpev2,Undirected,Semester 6
c2ad,mant2,Undirected,Semester 6
c2ad,vmo,Undirected,Semester 6
c2ad,idacu,Undirected,Semester 6
c2ad,mantL,Undirected,Semester 6
c2ad,tamp,Undirected,Semester 6
c2ad,pro6M,Undirected,Semester 6
asimv,thd4,Undirected,Semester 6
asimv,flm4,Undirected,Semester 6
asimv,kt2,Undirected,Semester 6
asimv,dpev2,Undirected,Semester 6
asimv,mant2,Undirected,Semester 6
asimv,vmo,Undirected,Semester 6
asimv,idacu,Undirected,Semester 6
asimv,mantL,Undirected,Semester 6
asimv,c2ad,Undirected,Semester 6
asimv,tamp,Undirected,Semester 6
asimv,pro6M,Undirected,Semester 6
afems,thd4,Undirected,Semester 6
afems,flm4,Undirected,Semester 6
afems,kt2,Undirected,Semester 6
afems,dpev2,Undirected,Semester 6
afems,amat,Undirected,Semester 6
afems,mant2,Undirected,Semester 6
afems,vmo,Undirected,Semester 6
afems,idacu,Undirected,Semester 6
afems,mantL,Undirected,Semester 6
afems,c2ad,Undirected,Semester 6
afems,asimv,Undirected,Semester 6
afems,tamp,Undirected,Semester 6
afems,amp,Undirected,Semester 6
afems,pro6M,Undirected,Semester 6
tamp,thd4,Undirected,Semester 6
tamp,vmo,Undirected,Semester 6
amp,thd4,Undirected,Semester 6
amp,flm4,Undirected,Semester 6
amp,kt2,Undirected,Semester 6
amp,dpev2,Undirected,Semester 6
amp,mant2,Undirected,Semester 6
amp,vmo,Undirected,Semester 6
amp,idacu,Undirected,Semester 6
amp,mantL,Undirected,Semester 6
amp,c2ad,Undirected,Semester 6
amp,asimv,Undirected,Semester 6
amp,tamp,Undirected,Semester 6
amp,pro6M,Undirected,Semester 6
cich,wst,Undirected,Semester 3
cich,dglM,Undirected,Semester 3
cich,elmag,Undirected,Semester 3
cich,werk3,Undirected,Semester 3
cich,phwkL,Undirected,Semester 3
cich,elstk,Undirected,Semester 3
cich,kmk,Undirected,Semester 3
cich,flmM,Undirected,Semester 3
cich,eltM,Undirected,Semester 3
cich,dsf,Undirected,Semester 3
cich,enwi,Undirected,Semester 3
cich,mlam,Undirected,Semester 3
cich,mata,Undirected,Semester 3
cich,mimo,Undirected,Semester 3
cich,npe,Undirected,Semester 3
cich,pro3M,Undirected,Semester 3
cich,dan,Undirected,Semester 5
cich,rtL,Undirected,Semester 5
cich,wueb,Undirected,Semester 5
cich,thd3,Undirected,Semester 5
cich,flm3,Undirected,Semester 5
cich,dpev1,Undirected,Semester 5
cich,kt1,Undirected,Semester 5
cich,mant1,Undirected,Semester 5
cich,mea,Undirected,Semester 5
cich,minat,Undirected,Semester 5
cich,labvM,Undirected,Semester 5
cich,matl,Undirected,Semester 5
cich,ekt,Undirected,Semester 5
cich,eeww,Undirected,Semester 5
cich,waem,Undirected,Semester 5
cich,fkte,Undirected,Semester 5
cich,meas1,Undirected,Semester 5
cich,naku,Undirected,Semester 5
cich,veva,Undirected,Semester 5
cich,pro5M,Undirected,Semester 5
dsf,wst,Undirected,Semester 3
dsf,elmag,Undirected,Semester 3
dsf,werk3,Undirected,Semester 3
dsf,phwkL,Undirected,Semester 3
dsf,elstk,Undirected,Semester 3
dsf,kmk,Undirected,Semester 3
dsf,flmM,Undirected,Semester 3
dsf,eltM,Undirected,Semester 3
dsf,enwi,Undirected,Semester 3
dsf,mlam,Undirected,Semester 3
dsf,mata,Undirected,Semester 3
dsf,mimo,Undirected,Semester 3
dsf,npe,Undirected,Semester 3
dsf,pro3M,Undirected,Semester 3
dsf,rtL,Undirected,Semester 5
dsf,wueb,Undirected,Semester 5
dsf,thd3,Undirected,Semester 5
dsf,flm3,Undirected,Semester 5
dsf,kt1,Undirected,Semester 5
dsf,mant1,Undirected,Semester 5
dsf,mea,Undirected,Semester 5
dsf,minat,Undirected,Semester 5
dsf,labvM,Undirected,Semester 5
dsf,matl,Undirected,Semester 5
dsf,ekt,Undirected,Semester 5
dsf,eeww,Undirected,Semester 5
dsf,waem,Undirected,Semester 5
dsf,fkte,Undirected,Semester 5
dsf,meas1,Undirected,Semester 5
dsf,naku,Undirected,Semester 5
dsf,veva,Undirected,Semester 5
dsf,pro5M,Undirected,Semester 5
enwi,wst,Undirected,Semester 3
enwi,werk3,Undirected,Semester 3
enwi,phwkL,Undirected,Semester 3
enwi,kmk,Undirected,Semester 3
enwi,flmM,Undirected,Semester 3
enwi,mlam,Undirected,Semester 3
enwi,mata,Undirected,Semester 3
enwi,mimo,Undirected,Semester 3
enwi,npe,Undirected,Semester 3
enwi,pro3M,Undirected,Semester 3
enwi,rtL,Undirected,Semester 5
enwi,wueb,Undirected,Semester 5
enwi,thd3,Undirected,Semester 5
enwi,flm3,Undirected,Semester 5
enwi,kt1,Undirected,Semester 5
enwi,mant1,Undirected,Semester 5
enwi,mea,Undirected,Semester 5
enwi,minat,Undirected,Semester 5
enwi,labvM,Undirected,Semester 5
enwi,matl,Undirected,Semester 5
enwi,waem,Undirected,Semester 5
enwi,fkte,Undirected,Semester 5
enwi,meas1,Undirected,Semester 5
enwi,naku,Undirected,Semester 5
enwi,veva,Undirected,Semester 5
enwi,pro5M,Undirected,Semester 5
mlam,wst,Undirected,Semester 3
mlam,werk3,Undirected,Semester 3
mlam,phwkL,Undirected,Semester 3
mlam,npe,Undirected,Semester 3
mlam,pro3M,Undirected,Semester 3
mlam,rtL,Undirected,Semester 5
mlam,wueb,Undirected,Semester 5
mlam,thd3,Undirected,Semester 5
mlam,waem,Undirected,Semester 5
mlam,naku,Undirected,Semester 5
mlam,veva,Undirected,Semester 5
mlam,pro5M,Undirected,Semester 5
mata,wst,Undirected,Semester 3
mata,werk3,Undirected,Semester 3
mata,phwkL,Undirected,Semester 3
mata,mlam,Undirected,Semester 3
mata,mimo,Undirected,Semester 3
mata,npe,Undirected,Semester 3
mata,pro3M,Undirected,Semester 3
mata,rtL,Undirected,Semester 5
mata,wueb,Undirected,Semester 5
mata,thd3,Undirected,Semester 5
mata,mea,Undirected,Semester 5
mata,minat,Undirected,Semester 5
mata,matl,Undirected,Semester 5
mata,waem,Undirected,Semester 5
mata,meas1,Undirected,Semester 5
mata,naku,Undirected,Semester 5
mata,veva,Undirected,Semester 5
mata,pro5M,Undirected,Semester 5
mimo,wst,Undirected,Semester 3
mimo,werk3,Undirected,Semester 3
mimo,phwkL,Undirected,Semester 3
mimo,mlam,Undirected,Semester 3
mimo,npe,Undirected,Semester 3
mimo,pro3M,Undirected,Semester 3
mimo,rtL,Undirected,Semester 5
mimo,wueb,Undirected,Semester 5
mimo,thd3,Undirected,Semester 5
mimo,minat,Undirected,Semester 5
mimo,waem,Undirected,Semester 5
mimo,naku,Undirected,Semester 5
mimo,veva,Undirected,Semester 5
mimo,pro5M,Undirected,Semester 5
npe,wst,Undirected,Semester 3
npe,werk3,Undirected,Semester 3
npe,phwkL,Undirected,Semester 3
npe,pro3M,Undirected,Semester 3
npe,rtL,Undirected,Semester 5
npe,wueb,Undirected,Semester 5
npe,thd3,Undirected,Semester 5
npe,waem,Undirected,Semester 5
npe,veva,Undirected,Semester 5
npe,pro5M,Undirected,Semester 5
pro1M,werk1,Undirected,Semester 1
pro2M,wus,Undirected,Semester 2
pro2M,wch,Undirected,Semester 2
pro2M,werk2,Undirected,Semester 2
pro2M,stk,Undirected,Semester 2
pro2M,thdM,Undirected,Semester 2
pro3M,wst,Undirected,Semester 3
pro3M,werk3,Undirected,Semester 3
pro4M,sww,Undirected,Semester 4
pro4M,wkwkL,Undirected,Semester 4
pro5M,rtL,Undirected,Semester 5
pro5M,wueb,Undirected,Semester 5
pro5M,thd3,Undirected,Semester 5
pro5M,waem,Undirected,Semester 5
pro5M,veva,Undirected,Semester 5
pro6M,thd4,Undirected,Semester 6
pro6M,vmo,Undirected,Semester 6
pro6M,tamp,Undirected,Semester 6
